---Inserccion de datos
	--Usuario
		INSERT INTO tfg.[dbo].Usuarios ([Nombre],[Pass],[ROL])VALUES('admin','admin','ADMIN');
	--Preguntas
		--Chaside
			INSERT INTO tfg.[dbo].PreguntaFormularios ([Contenido],[Tipo])VALUES('1.¿Aceptarias trabajar escribiendo articulos en la seccion economica de un diario? ','0');
			INSERT INTO tfg.[dbo].PreguntaFormularios ([Contenido],[Tipo])VALUES('2.¿Te ofrecerias para organizar la despedida de soltero de uno de tus amigos? ','0');
			INSERT INTO tfg.[dbo].PreguntaFormularios ([Contenido],[Tipo])VALUES('3.¿Te gustaria dirigir un proyecto de urbanizacion en tu provincia? ','0');
			INSERT INTO tfg.[dbo].PreguntaFormularios ([Contenido],[Tipo])VALUES('4.¿A una frustracion siempre opones un pensamiento positivo?','0');
			INSERT INTO tfg.[dbo].PreguntaFormularios ([Contenido],[Tipo])VALUES('5.¿Te dedicarias a socorrer a personas accidentadas o atacadas por asaltantes?','0');
			INSERT INTO tfg.[dbo].PreguntaFormularios ([Contenido],[Tipo])VALUES('6.¿Cuando eras chico, te interesaba saber como estaban construidos tus juguetes?','0');
			INSERT INTO tfg.[dbo].PreguntaFormularios ([Contenido],[Tipo])VALUES('7.¿Te interesan mas los misterios de la naturaleza que los secretos de la tecnologia?','0');
			INSERT INTO tfg.[dbo].PreguntaFormularios ([Contenido],[Tipo])VALUES('8.¿Escuchas atentamente los problemas que te plantean tus amigos?','0');
			INSERT INTO tfg.[dbo].PreguntaFormularios ([Contenido],[Tipo])VALUES('9.¿Te ofrecerias para explicar a tus compañeros un determinado tema que ellos no entendieron?','0');
			INSERT INTO tfg.[dbo].PreguntaFormularios ([Contenido],[Tipo])VALUES('10.¿Sos exigente y critico con tu equipo de trabajo?','0');
			INSERT INTO tfg.[dbo].PreguntaFormularios ([Contenido],[Tipo])VALUES('11.¿Te atrae armar rompecabezas o puzzles?','0');
			INSERT INTO tfg.[dbo].PreguntaFormularios ([Contenido],[Tipo])VALUES('12.¿Podes establecer la diferencia conceptual entre macroeconomia y microeconomia?','0');
			INSERT INTO tfg.[dbo].PreguntaFormularios ([Contenido],[Tipo])VALUES('13.¿Usar uniforme te hace sentir distinto, importante?','0');
			INSERT INTO tfg.[dbo].PreguntaFormularios ([Contenido],[Tipo])VALUES('14.¿Participarias como profesional en un espectaculo de acrobacia aerea?','0');
			INSERT INTO tfg.[dbo].PreguntaFormularios ([Contenido],[Tipo])VALUES('15.¿Organizas tu dinero de manera que te alcance hasta el proximo cobro?','0');
			INSERT INTO tfg.[dbo].PreguntaFormularios ([Contenido],[Tipo])VALUES('16.¿Convences facilmente a otras personas sobre la validez de tus argumentos?','0');
			INSERT INTO tfg.[dbo].PreguntaFormularios ([Contenido],[Tipo])VALUES('17.¿Estas informado sobre los nuevos descubrimientos que se estan realizando sobre la Teoria del Big-Bang?','0');
			INSERT INTO tfg.[dbo].PreguntaFormularios ([Contenido],[Tipo])VALUES('18.¿Ante una situacion de emergencia actuas rapidamente?','0');
			INSERT INTO tfg.[dbo].PreguntaFormularios ([Contenido],[Tipo])VALUES('19.¿Cuando tenes que resolver un problema matematico, perseveras hasta encontrar la solucion?','0');
			INSERT INTO tfg.[dbo].PreguntaFormularios ([Contenido],[Tipo])VALUES('20.¿Si te convocara tu club preferido para planificar, organizar y dirigir un campo de deportes, aceptarias?','0');
			INSERT INTO tfg.[dbo].PreguntaFormularios ([Contenido],[Tipo])VALUES('21.¿Sos el que pone un toque de alegria en las fiestas?','0');
			INSERT INTO tfg.[dbo].PreguntaFormularios ([Contenido],[Tipo])VALUES('22.¿Crees que los detalles son tan importantes como el todo?','0');
			INSERT INTO tfg.[dbo].PreguntaFormularios ([Contenido],[Tipo])VALUES('23.¿Te sentirias a gusto trabajando en un ambito hospitalario?','0');
			INSERT INTO tfg.[dbo].PreguntaFormularios ([Contenido],[Tipo])VALUES('24.¿Te gustaria participar para mantener el orden ante grandes desordenes y cataclismos?','0');
			INSERT INTO tfg.[dbo].PreguntaFormularios ([Contenido],[Tipo])VALUES('25.¿Pasarias varias horas leyendo algun libro de tu interes?','0');
			INSERT INTO tfg.[dbo].PreguntaFormularios ([Contenido],[Tipo])VALUES('26.¿Planificas detalladamente tus trabajos antes de empezar?','0');
			INSERT INTO tfg.[dbo].PreguntaFormularios ([Contenido],[Tipo])VALUES('27.¿Entablas una relacion casi personal con tu computadora?','0');
			INSERT INTO tfg.[dbo].PreguntaFormularios ([Contenido],[Tipo])VALUES('28.¿Disfrutas modelando con arcilla?','0');
			INSERT INTO tfg.[dbo].PreguntaFormularios ([Contenido],[Tipo])VALUES('29.¿Ayudas habitualmente a los no videntes a cruzar la calle?','0');
			INSERT INTO tfg.[dbo].PreguntaFormularios ([Contenido],[Tipo])VALUES('30.¿Consideras importante que desde la escuela primaria se fomente la actitud critica y la participacion activa?','0');
			INSERT INTO tfg.[dbo].PreguntaFormularios ([Contenido],[Tipo])VALUES('31.¿Aceptarias que las mujeres formaran parte de las fuerzas armadas bajo las mismas normas que los hombres?','0');
			INSERT INTO tfg.[dbo].PreguntaFormularios ([Contenido],[Tipo])VALUES('32.¿Te gustaria crear nuevas tecnicas para descubrir las patologias de algunas enfermedades a traves del microscopio?','0');
			INSERT INTO tfg.[dbo].PreguntaFormularios ([Contenido],[Tipo])VALUES('33.¿Participarias en una campaña de prevencion contra la enfermedad de Chagas?','0');
			INSERT INTO tfg.[dbo].PreguntaFormularios ([Contenido],[Tipo])VALUES('34.¿Te interesan los temas relacionados al pasado y a la evolucion del hombre?','0');
			INSERT INTO tfg.[dbo].PreguntaFormularios ([Contenido],[Tipo])VALUES('35.¿Te incluirias en un proyecto de investigacion de los movimientos sismicos y sus consecuencias?','0');
			INSERT INTO tfg.[dbo].PreguntaFormularios ([Contenido],[Tipo])VALUES('36.¿Fuera de los horarios escolares, dedicas algun dia de la semana a la realizacion de actividades corporales?','0');
			INSERT INTO tfg.[dbo].PreguntaFormularios ([Contenido],[Tipo])VALUES('37.¿Te interesan las actividades de mucha accion y de reaccion rapida en situaciones imprevistas y de peligro?','0');
			INSERT INTO tfg.[dbo].PreguntaFormularios ([Contenido],[Tipo])VALUES('38.¿Te ofrecerias para colaborar como voluntario en los gabinetes espaciales de la NASA?','0');
			INSERT INTO tfg.[dbo].PreguntaFormularios ([Contenido],[Tipo])VALUES('39.¿Te gusta mas el trabajo manual que el trabajo intelectual?','0');
			INSERT INTO tfg.[dbo].PreguntaFormularios ([Contenido],[Tipo])VALUES('40.¿Estarias dispuesto a renunciar a un momento placentero para ofrecer tu servicio como profesional?','0');
			INSERT INTO tfg.[dbo].PreguntaFormularios ([Contenido],[Tipo])VALUES('41.¿Participarias de una investigacion sobre la violencia en el futbol?','0');
			INSERT INTO tfg.[dbo].PreguntaFormularios ([Contenido],[Tipo])VALUES('42.¿Te gustaria trabajar en un laboratorio mientras estudias?','0');
			INSERT INTO tfg.[dbo].PreguntaFormularios ([Contenido],[Tipo])VALUES('43.¿Arriesgarias tu vida para salvar la vida de otro que no conoces?','0');
			INSERT INTO tfg.[dbo].PreguntaFormularios ([Contenido],[Tipo])VALUES('44.¿Te agradaria hacer un curso de primeros auxilios?','0');
			INSERT INTO tfg.[dbo].PreguntaFormularios ([Contenido],[Tipo])VALUES('45.¿Tolerarias empezar tantas veces como fuere necesario hasta obtener el logro deseado?','0');
			INSERT INTO tfg.[dbo].PreguntaFormularios ([Contenido],[Tipo])VALUES('46.¿Distribuis tu horarios del dia adecuadamente para poder hacer todo lo planeado?','0');
			INSERT INTO tfg.[dbo].PreguntaFormularios ([Contenido],[Tipo])VALUES('47.¿Harias un curso para aprender a fabricar los instrumentos y/o piezas de las maquinas o aparatos con que trabajas?','0');
			INSERT INTO tfg.[dbo].PreguntaFormularios ([Contenido],[Tipo])VALUES('48.¿Elegirias una profesion en la tuvieras que estar algunos meses alejado de tu familia, por ejemplo el marino?','0');
			INSERT INTO tfg.[dbo].PreguntaFormularios ([Contenido],[Tipo])VALUES('49.¿Te radicarias en una zona agricola-ganadera para desarrollar tus actividades como profesional?','0');
			INSERT INTO tfg.[dbo].PreguntaFormularios ([Contenido],[Tipo])VALUES('50.¿Cuando estas en un grupo trabajando, te entusiasma producir ideas originales y que sean tenidas en cuenta?','0');
			INSERT INTO tfg.[dbo].PreguntaFormularios ([Contenido],[Tipo])VALUES('51.¿Te resulta facil coordinar un grupo de trabajo?','0');
			INSERT INTO tfg.[dbo].PreguntaFormularios ([Contenido],[Tipo])VALUES('52.¿Te resulto interesante el estudio de las ciencias biologicas?','0');
			INSERT INTO tfg.[dbo].PreguntaFormularios ([Contenido],[Tipo])VALUES('53.¿Si una gran empresa solicita un profesional como gerente de comercializacion, te sentirias a gusto desempeñando ese rol?','0');
			INSERT INTO tfg.[dbo].PreguntaFormularios ([Contenido],[Tipo])VALUES('54.¿Te incluirias en un proyecto nacional de desarrollo de la principal fuente de recursos de tu provincia?','0');
			INSERT INTO tfg.[dbo].PreguntaFormularios ([Contenido],[Tipo])VALUES('55.¿Tenes interes por saber cuales son las causas que determinan ciertos fenomenos, aunque saberlo no altere tu vida?','0');
			INSERT INTO tfg.[dbo].PreguntaFormularios ([Contenido],[Tipo])VALUES('56.¿Descubriste algun filosofo o escritor que haya expresado tus mismas ideas con antelacion?','0');
			INSERT INTO tfg.[dbo].PreguntaFormularios ([Contenido],[Tipo])VALUES('57.¿Desearias que te regalen algun instrumento musical para tu cumpleaños?','0');
			INSERT INTO tfg.[dbo].PreguntaFormularios ([Contenido],[Tipo])VALUES('58.¿Aceptarias colaborar con el cumplimiento de las normas en lugares publicos?','0');
			INSERT INTO tfg.[dbo].PreguntaFormularios ([Contenido],[Tipo])VALUES('59.¿Crees que tus ideas son importantes,y haces todo lo posible para ponerlas en practica?','0');
			INSERT INTO tfg.[dbo].PreguntaFormularios ([Contenido],[Tipo])VALUES('60.¿Cuando se descompone un artefacto en tu casa, te dispones prontamente a repararlo?','0');
			INSERT INTO tfg.[dbo].PreguntaFormularios ([Contenido],[Tipo])VALUES('61.¿Formarias parte de un equipo de trabajo orientado a la preservacion de la flora y la fauna en extincion?','0');
			INSERT INTO tfg.[dbo].PreguntaFormularios ([Contenido],[Tipo])VALUES('62.¿Acostumbras a leer revistas relacionadas con los ultimos avances cientificos y tecnologicos en el area de la salud?','0');
			INSERT INTO tfg.[dbo].PreguntaFormularios ([Contenido],[Tipo])VALUES('63.¿Preservar las raices culturales de nuestro pais, te parece importante y necesario?','0');
			INSERT INTO tfg.[dbo].PreguntaFormularios ([Contenido],[Tipo])VALUES('64.¿Te gustaria realizar una investigacion que contribuyera a hacer mas justa la distribucion de la riqueza?','0');
			INSERT INTO tfg.[dbo].PreguntaFormularios ([Contenido],[Tipo])VALUES('65.¿Te gustaria realizar tareas auxiliares en una nave, como por ejemplo izado y arriado de velas, pintura y conservacion del casco, arreglo de averias, conservacion de motores, etc?','0');
			INSERT INTO tfg.[dbo].PreguntaFormularios ([Contenido],[Tipo])VALUES('66.¿Crees que un pais debe poseer la mas alta tecnologia armamentista, a cualquier precio?','0');
			INSERT INTO tfg.[dbo].PreguntaFormularios ([Contenido],[Tipo])VALUES('67.¿La libertad y la justicia son valores fundamentales en tu vida?','0');
			INSERT INTO tfg.[dbo].PreguntaFormularios ([Contenido],[Tipo])VALUES('68.¿Aceptarias hacer una practica rentada en una industria de productos alimenticios en el sector de control de calidad?','0');
			INSERT INTO tfg.[dbo].PreguntaFormularios ([Contenido],[Tipo])VALUES('69.¿Consideras que la salud publica debe ser prioritaria, gratuita y eficiente para todos?','0');
			INSERT INTO tfg.[dbo].PreguntaFormularios ([Contenido],[Tipo])VALUES('70.¿Te interesaria investigar sobre alguna nueva vacuna?','0');
			INSERT INTO tfg.[dbo].PreguntaFormularios ([Contenido],[Tipo])VALUES('71.¿En un equipo de trabajo, preferis el rol de coordinador?','0');
			INSERT INTO tfg.[dbo].PreguntaFormularios ([Contenido],[Tipo])VALUES('72.¿En una discusion entre amigos, te ofreces como mediador?','0');
			INSERT INTO tfg.[dbo].PreguntaFormularios ([Contenido],[Tipo])VALUES('73.¿Estas de acuerdo con la formacion de un cuerpo de soldados profesionales?','0');
			INSERT INTO tfg.[dbo].PreguntaFormularios ([Contenido],[Tipo])VALUES('74.¿Lucharias por una causa justa hasta las ultimas consecuencias?','0');
			INSERT INTO tfg.[dbo].PreguntaFormularios ([Contenido],[Tipo])VALUES('75.¿Te gustaria investigar cientificamente sobre cultivos agricolas?','0');
			INSERT INTO tfg.[dbo].PreguntaFormularios ([Contenido],[Tipo])VALUES('76.¿Harias un nuevo diseño de una prenda pasada de moda, ante una reunion imprevista?','0');
			INSERT INTO tfg.[dbo].PreguntaFormularios ([Contenido],[Tipo])VALUES('77.¿Visitarias un observatorio astronomico para conocer en accion el funcionamiento de los aparatos?','0');
			INSERT INTO tfg.[dbo].PreguntaFormularios ([Contenido],[Tipo])VALUES('78.¿Dirigirias el area de importacion y exportacion de una empresa?','0');
			INSERT INTO tfg.[dbo].PreguntaFormularios ([Contenido],[Tipo])VALUES('79.¿Te inhibis al entrar a un lugar nuevo con gente desconocida?','0');
			INSERT INTO tfg.[dbo].PreguntaFormularios ([Contenido],[Tipo])VALUES('80.¿Te gratificaria el trabajar con niños?','0');
			INSERT INTO tfg.[dbo].PreguntaFormularios ([Contenido],[Tipo])VALUES('81.¿Harias el diseño de un afiche para una campaña contra el sida?','0');
			INSERT INTO tfg.[dbo].PreguntaFormularios ([Contenido],[Tipo])VALUES('82.¿Dirigirias un grupo de teatro independiente?','0');
			INSERT INTO tfg.[dbo].PreguntaFormularios ([Contenido],[Tipo])VALUES('83.¿Enviarias tu curriculum a una empresa automotriz que solicita gerente para su area de produccion?','0');
			INSERT INTO tfg.[dbo].PreguntaFormularios ([Contenido],[Tipo])VALUES('84.¿Participarias en un grupo de defensa internacional dentro de alguna fuerza armada?','0');
			INSERT INTO tfg.[dbo].PreguntaFormularios ([Contenido],[Tipo])VALUES('85.¿Te costearias tus estudios trabajando en una auditoria?','0');
			INSERT INTO tfg.[dbo].PreguntaFormularios ([Contenido],[Tipo])VALUES('86.¿Sos de los que defendes causas perdidas?','0');
			INSERT INTO tfg.[dbo].PreguntaFormularios ([Contenido],[Tipo])VALUES('87.¿Ante una emergencia epidemica participarias en una campaña brindando tu ayuda?','0');
			INSERT INTO tfg.[dbo].PreguntaFormularios ([Contenido],[Tipo])VALUES('88.¿Sabrias responder que significa ADN y ARN?','0');
			INSERT INTO tfg.[dbo].PreguntaFormularios ([Contenido],[Tipo])VALUES('89.¿Elegirias una carrera cuyo instrumento de trabajo fuere la utilizacion de un idioma extranjero?','0');
			INSERT INTO tfg.[dbo].PreguntaFormularios ([Contenido],[Tipo])VALUES('90.¿Trabajar con objetos te resulta mas gratificante que trabajar con personas?','0');
			INSERT INTO tfg.[dbo].PreguntaFormularios ([Contenido],[Tipo])VALUES('91.¿Te resultaria gratificante ser asesor contable en una empresa reconocida?','0');
			INSERT INTO tfg.[dbo].PreguntaFormularios ([Contenido],[Tipo])VALUES('92.¿Ante un llamado solidario, te ofrecerias para cuidar a un enfermo?','0');
			INSERT INTO tfg.[dbo].PreguntaFormularios ([Contenido],[Tipo])VALUES('93.¿Te atrae investigar sobre los misterios del universo, por ejemplo los agujeros negros?','0');
			INSERT INTO tfg.[dbo].PreguntaFormularios ([Contenido],[Tipo])VALUES('94.¿El trabajo individual te resulta mas rapido y efectivo que el trabajo grupal?','0');
			INSERT INTO tfg.[dbo].PreguntaFormularios ([Contenido],[Tipo])VALUES('95.¿Dedicarias parte de tu tiempo a ayudar a personas de zonas carenciadas?','0');
			INSERT INTO tfg.[dbo].PreguntaFormularios ([Contenido],[Tipo])VALUES('96.¿Cuando elegis tu ropa o decoras un ambiente, tenes en cuenta la combinacion de los colores, las telas o el estilo de los muebles?','0');
			INSERT INTO tfg.[dbo].PreguntaFormularios ([Contenido],[Tipo])VALUES('97.¿Te gustaria trabajar como profesional dirigiendo la construccion de una empresa hidroelectrica?','0');
			INSERT INTO tfg.[dbo].PreguntaFormularios ([Contenido],[Tipo])VALUES('98.¿Sabes que es el PBI?','0');
		--Tolouse
			INSERT INTO tfg.[dbo].PreguntaFormularios ([Contenido],[Imagen_url],[Tipo])VALUES('Figura1','https://ibb.co/DYMJWsb','1');
			INSERT INTO tfg.[dbo].PreguntaFormularios ([Contenido],[Imagen_url],[Tipo])VALUES('Figura2','https://ibb.co/R0kKvFV','1');
			INSERT INTO tfg.[dbo].PreguntaFormularios ([Contenido],[Imagen_url],[Tipo])VALUES('Figura3','https://ibb.co/TtHtGzW','1');
			INSERT INTO tfg.[dbo].PreguntaFormularios ([Contenido],[Imagen_url],[Tipo])VALUES('Figura4','https://ibb.co/rk4SZy9','1');
			INSERT INTO tfg.[dbo].PreguntaFormularios ([Contenido],[Imagen_url],[Tipo])VALUES('Figura5','https://ibb.co/Xt1N4Qx','1');
			INSERT INTO tfg.[dbo].PreguntaFormularios ([Contenido],[Imagen_url],[Tipo])VALUES('Figura6','https://ibb.co/172YCh4','1');
			INSERT INTO tfg.[dbo].PreguntaFormularios ([Contenido],[Imagen_url],[Tipo])VALUES('Figura7','https://ibb.co/8zm3sM3','1');
			INSERT INTO tfg.[dbo].PreguntaFormularios ([Contenido],[Imagen_url],[Tipo])VALUES('Figura8','https://ibb.co/WzwQThf','1');
			INSERT INTO tfg.[dbo].PreguntaFormularios ([Contenido],[Imagen_url],[Tipo])VALUES('Test','https://ibb.co/Cz1LCn1','1');

	INSERT INTO tfg.[dbo].AreasConocimientos ([IdArea],[Nombre])VALUES('57BF6E93-0FEC-ED11-A633-D037457CE39B','Administrativas_Contables');
INSERT INTO tfg.[dbo].AreasConocimientos ([IdArea],[Nombre])VALUES('58BF6E93-0FEC-ED11-A633-D037457CE39B','Humanisticas_Sociales');
INSERT INTO tfg.[dbo].AreasConocimientos ([IdArea],[Nombre])VALUES('59BF6E93-0FEC-ED11-A633-D037457CE39B','Artisticas');
INSERT INTO tfg.[dbo].AreasConocimientos ([IdArea],[Nombre])VALUES('5ABF6E93-0FEC-ED11-A633-D037457CE39B','Medicina_CsSalud');
INSERT INTO tfg.[dbo].AreasConocimientos ([IdArea],[Nombre])VALUES('5BBF6E93-0FEC-ED11-A633-D037457CE39B','Ingenieria_Computacion');
INSERT INTO tfg.[dbo].AreasConocimientos ([IdArea],[Nombre])VALUES('5CBF6E93-0FEC-ED11-A633-D037457CE39B','DefensaSeguridad');
INSERT INTO tfg.[dbo].AreasConocimientos ([IdArea],[Nombre])VALUES('5DBF6E93-0FEC-ED11-A633-D037457CE39B','CienciasExactas_Agrarias');


INSERT INTO tfg.[dbo].Asignaturas ([IdAsignatura],[Nombre])VALUES('47BF6E93-0FEC-ED11-A633-D037457CE39B','Matematicas aplicadas a las Ciencias Sociales');
INSERT INTO tfg.[dbo].Asignaturas ([IdAsignatura],[Nombre])VALUES('48BF6E93-0FEC-ED11-A633-D037457CE39B','Historia');
INSERT INTO tfg.[dbo].Asignaturas ([IdAsignatura],[Nombre])VALUES('49BF6E93-0FEC-ED11-A633-D037457CE39B','Geografia');
INSERT INTO tfg.[dbo].Asignaturas ([IdAsignatura],[Nombre])VALUES('4ABF6E93-0FEC-ED11-A633-D037457CE39B','Economia');
INSERT INTO tfg.[dbo].Asignaturas ([IdAsignatura],[Nombre])VALUES('4BBF6E93-0FEC-ED11-A633-D037457CE39B','Matematicas');
INSERT INTO tfg.[dbo].Asignaturas ([IdAsignatura],[Nombre])VALUES('4CBF6E93-0FEC-ED11-A633-D037457CE39B','Latin');
INSERT INTO tfg.[dbo].Asignaturas ([IdAsignatura],[Nombre])VALUES('4DBF6E93-0FEC-ED11-A633-D037457CE39B','Lengua Castellana y Literatura');
INSERT INTO tfg.[dbo].Asignaturas ([IdAsignatura],[Nombre])VALUES('4EBF6E93-0FEC-ED11-A633-D037457CE39B','Diseno');
INSERT INTO tfg.[dbo].Asignaturas ([IdAsignatura],[Nombre])VALUES('4FBF6E93-0FEC-ED11-A633-D037457CE39B','Dibujo Tecnico');
INSERT INTO tfg.[dbo].Asignaturas ([IdAsignatura],[Nombre])VALUES('50BF6E93-0FEC-ED11-A633-D037457CE39B','Griego');
INSERT INTO tfg.[dbo].Asignaturas ([IdAsignatura],[Nombre])VALUES('51BF6E93-0FEC-ED11-A633-D037457CE39B','Fundamentos de Arte');
INSERT INTO tfg.[dbo].Asignaturas ([IdAsignatura],[Nombre])VALUES('52BF6E93-0FEC-ED11-A633-D037457CE39B','Cultura Audiovisual');
INSERT INTO tfg.[dbo].Asignaturas ([IdAsignatura],[Nombre])VALUES('53BF6E93-0FEC-ED11-A633-D037457CE39B','Artes escenicas');
INSERT INTO tfg.[dbo].Asignaturas ([IdAsignatura],[Nombre])VALUES('54BF6E93-0FEC-ED11-A633-D037457CE39B','Biologia');
INSERT INTO tfg.[dbo].Asignaturas ([IdAsignatura],[Nombre])VALUES('55BF6E93-0FEC-ED11-A633-D037457CE39B','Fisica');
INSERT INTO tfg.[dbo].Asignaturas ([IdAsignatura],[Nombre])VALUES('56BF6E93-0FEC-ED11-A633-D037457CE39B','Quimica');




INSERT INTO tfg.[dbo].[AsignaturasAreas] ([IdAsignatura],[IdArea])VALUES('47BF6E93-0FEC-ED11-A633-D037457CE39B','57BF6E93-0FEC-ED11-A633-D037457CE39B');
INSERT INTO tfg.[dbo].[AsignaturasAreas] ([IdAsignatura],[IdArea])VALUES('47BF6E93-0FEC-ED11-A633-D037457CE39B','58BF6E93-0FEC-ED11-A633-D037457CE39B');
INSERT INTO tfg.[dbo].[AsignaturasAreas] ([IdAsignatura],[IdArea])VALUES('47BF6E93-0FEC-ED11-A633-D037457CE39B','5ABF6E93-0FEC-ED11-A633-D037457CE39B');
INSERT INTO tfg.[dbo].[AsignaturasAreas] ([IdAsignatura],[IdArea])VALUES('47BF6E93-0FEC-ED11-A633-D037457CE39B','5CBF6E93-0FEC-ED11-A633-D037457CE39B');
INSERT INTO tfg.[dbo].[AsignaturasAreas] ([IdAsignatura],[IdArea])VALUES('48BF6E93-0FEC-ED11-A633-D037457CE39B','57BF6E93-0FEC-ED11-A633-D037457CE39B');
INSERT INTO tfg.[dbo].[AsignaturasAreas] ([IdAsignatura],[IdArea])VALUES('48BF6E93-0FEC-ED11-A633-D037457CE39B','58BF6E93-0FEC-ED11-A633-D037457CE39B');
INSERT INTO tfg.[dbo].[AsignaturasAreas] ([IdAsignatura],[IdArea])VALUES('48BF6E93-0FEC-ED11-A633-D037457CE39B','5CBF6E93-0FEC-ED11-A633-D037457CE39B');
INSERT INTO tfg.[dbo].[AsignaturasAreas] ([IdAsignatura],[IdArea])VALUES('49BF6E93-0FEC-ED11-A633-D037457CE39B','57BF6E93-0FEC-ED11-A633-D037457CE39B');
INSERT INTO tfg.[dbo].[AsignaturasAreas] ([IdAsignatura],[IdArea])VALUES('49BF6E93-0FEC-ED11-A633-D037457CE39B','58BF6E93-0FEC-ED11-A633-D037457CE39B');
INSERT INTO tfg.[dbo].[AsignaturasAreas] ([IdAsignatura],[IdArea])VALUES('4ABF6E93-0FEC-ED11-A633-D037457CE39B','57BF6E93-0FEC-ED11-A633-D037457CE39B');
INSERT INTO tfg.[dbo].[AsignaturasAreas] ([IdAsignatura],[IdArea])VALUES('4ABF6E93-0FEC-ED11-A633-D037457CE39B','5BBF6E93-0FEC-ED11-A633-D037457CE39B');
INSERT INTO tfg.[dbo].[AsignaturasAreas] ([IdAsignatura],[IdArea])VALUES('4BBF6E93-0FEC-ED11-A633-D037457CE39B','5BBF6E93-0FEC-ED11-A633-D037457CE39B');
INSERT INTO tfg.[dbo].[AsignaturasAreas] ([IdAsignatura],[IdArea])VALUES('4BBF6E93-0FEC-ED11-A633-D037457CE39B','5DBF6E93-0FEC-ED11-A633-D037457CE39B');
INSERT INTO tfg.[dbo].[AsignaturasAreas] ([IdAsignatura],[IdArea])VALUES('4CBF6E93-0FEC-ED11-A633-D037457CE39B','58BF6E93-0FEC-ED11-A633-D037457CE39B');
INSERT INTO tfg.[dbo].[AsignaturasAreas] ([IdAsignatura],[IdArea])VALUES('4DBF6E93-0FEC-ED11-A633-D037457CE39B','58BF6E93-0FEC-ED11-A633-D037457CE39B');
INSERT INTO tfg.[dbo].[AsignaturasAreas] ([IdAsignatura],[IdArea])VALUES('4EBF6E93-0FEC-ED11-A633-D037457CE39B','58BF6E93-0FEC-ED11-A633-D037457CE39B');
INSERT INTO tfg.[dbo].[AsignaturasAreas] ([IdAsignatura],[IdArea])VALUES('4EBF6E93-0FEC-ED11-A633-D037457CE39B','59BF6E93-0FEC-ED11-A633-D037457CE39B');
INSERT INTO tfg.[dbo].[AsignaturasAreas] ([IdAsignatura],[IdArea])VALUES('4FBF6E93-0FEC-ED11-A633-D037457CE39B','58BF6E93-0FEC-ED11-A633-D037457CE39B');
INSERT INTO tfg.[dbo].[AsignaturasAreas] ([IdAsignatura],[IdArea])VALUES('4FBF6E93-0FEC-ED11-A633-D037457CE39B','59BF6E93-0FEC-ED11-A633-D037457CE39B');
INSERT INTO tfg.[dbo].[AsignaturasAreas] ([IdAsignatura],[IdArea])VALUES('4FBF6E93-0FEC-ED11-A633-D037457CE39B','5BBF6E93-0FEC-ED11-A633-D037457CE39B');
INSERT INTO tfg.[dbo].[AsignaturasAreas] ([IdAsignatura],[IdArea])VALUES('50BF6E93-0FEC-ED11-A633-D037457CE39B','58BF6E93-0FEC-ED11-A633-D037457CE39B');
INSERT INTO tfg.[dbo].[AsignaturasAreas] ([IdAsignatura],[IdArea])VALUES('51BF6E93-0FEC-ED11-A633-D037457CE39B','59BF6E93-0FEC-ED11-A633-D037457CE39B');
INSERT INTO tfg.[dbo].[AsignaturasAreas] ([IdAsignatura],[IdArea])VALUES('52BF6E93-0FEC-ED11-A633-D037457CE39B','59BF6E93-0FEC-ED11-A633-D037457CE39B');
INSERT INTO tfg.[dbo].[AsignaturasAreas] ([IdAsignatura],[IdArea])VALUES('53BF6E93-0FEC-ED11-A633-D037457CE39B','59BF6E93-0FEC-ED11-A633-D037457CE39B');
INSERT INTO tfg.[dbo].[AsignaturasAreas] ([IdAsignatura],[IdArea])VALUES('54BF6E93-0FEC-ED11-A633-D037457CE39B','5ABF6E93-0FEC-ED11-A633-D037457CE39B');
INSERT INTO tfg.[dbo].[AsignaturasAreas] ([IdAsignatura],[IdArea])VALUES('54BF6E93-0FEC-ED11-A633-D037457CE39B','5DBF6E93-0FEC-ED11-A633-D037457CE39B');
INSERT INTO tfg.[dbo].[AsignaturasAreas] ([IdAsignatura],[IdArea])VALUES('55BF6E93-0FEC-ED11-A633-D037457CE39B','5ABF6E93-0FEC-ED11-A633-D037457CE39B');
INSERT INTO tfg.[dbo].[AsignaturasAreas] ([IdAsignatura],[IdArea])VALUES('55BF6E93-0FEC-ED11-A633-D037457CE39B','5BBF6E93-0FEC-ED11-A633-D037457CE39B');
INSERT INTO tfg.[dbo].[AsignaturasAreas] ([IdAsignatura],[IdArea])VALUES('55BF6E93-0FEC-ED11-A633-D037457CE39B','5DBF6E93-0FEC-ED11-A633-D037457CE39B');
INSERT INTO tfg.[dbo].[AsignaturasAreas] ([IdAsignatura],[IdArea])VALUES('56BF6E93-0FEC-ED11-A633-D037457CE39B','5ABF6E93-0FEC-ED11-A633-D037457CE39B');
INSERT INTO tfg.[dbo].[AsignaturasAreas] ([IdAsignatura],[IdArea])VALUES('56BF6E93-0FEC-ED11-A633-D037457CE39B','5DBF6E93-0FEC-ED11-A633-D037457CE39B');
